{
  "timestamp": "2026-02-26T17:37:34.144690",
  "cycle": 82,
  "topology": "modifiee",
  "migration_in_progress": false,
  "cpu_metrics": [],
  "gateway_metrics": {
    "gateways_finales": {
      "iot-gateway-final-1": {
        "qps": 2.000059620890216,
        "latency_p95": 95.31220940094758,
        "bandwidth_in": 1305.2802916897926,
        "bandwidth_out": 395.13171057019,
        "error_rate": 0.0
      },
      "iot-gateway-final-2": {
        "qps": 2.0004604629996785,
        "latency_p95": 24.792278719179635,
        "bandwidth_in": 1305.117418064918,
        "bandwidth_out": 1169.9085091490851,
        "error_rate": 0
      },
      "iot-gateway-final-3": {
        "qps": 1.6669112799553445,
        "latency_p95": 24.179896437698766,
        "bandwidth_in": 1220.0623763886126,
        "bandwidth_out": 1200.4054594540546,
        "error_rate": 0.0
      }
    },
    "gateways_inter": {
      "iot-gateway-inter-1": {
        "qps": 3.999800019998,
        "latency_p95": 18.249800008888464,
        "bandwidth_in": 2868.0995233809954,
        "bandwidth_out": 2241.1258173700076,
        "error_rate": 0.0
      },
      "iot-gateway-inter-2": {
        "qps": 1.0003334444814937,
        "latency_p95": 93.75,
        "bandwidth_in": 265.0883627875958,
        "bandwidth_out": 0.0,
        "error_rate": 100.0
      }
    }
  },
  "alerts": {
    "critical": [],
    "warning": [],
    "info": []
  },
  "migration_triggered": false
}