{
  "timestamp": "2026-02-26T17:52:27.467535",
  "cycle": 92,
  "topology": "modifiee",
  "migration_in_progress": false,
  "cpu_metrics": [],
  "gateway_metrics": {
    "gateways_finales": {
      "iot-gateway-final-1": {
        "qps": 1.99859430359582,
        "latency_p95": 95.21292963249951,
        "bandwidth_in": 1303.7239410953503,
        "bandwidth_out": 394.5440823936785,
        "error_rate": 0.0
      },
      "iot-gateway-final-2": {
        "qps": 1.9999409131554609,
        "latency_p95": 33.926701192927396,
        "bandwidth_in": 1305.0909469898606,
        "bandwidth_out": 1168.9981784701433,
        "error_rate": 0
      },
      "iot-gateway-final-3": {
        "qps": 1.9995709752023927,
        "latency_p95": 33.925850479100106,
        "bandwidth_in": 1304.9966128118283,
        "bandwidth_out": 1168.9981784701433,
        "error_rate": 0.0
      }
    },
    "gateways_inter": {
      "iot-gateway-inter-1": {
        "qps": 3.9980026015410743,
        "latency_p95": 20.00011722258965,
        "bandwidth_in": 2827.466960301372,
        "bandwidth_out": 2238.2987230386416,
        "error_rate": 0.0
      },
      "iot-gateway-inter-2": {
        "qps": 0.9988457782118442,
        "latency_p95": 94.375,
        "bandwidth_in": 264.6941312261387,
        "bandwidth_out": 0.0,
        "error_rate": 100.0
      }
    }
  },
  "alerts": {
    "critical": [],
    "warning": [],
    "info": []
  },
  "migration_triggered": false
}