{
  "timestamp": "2026-02-26T17:42:02.959093",
  "cycle": 85,
  "topology": "modifiee",
  "migration_in_progress": false,
  "cpu_metrics": [],
  "gateway_metrics": {
    "gateways_finales": {
      "iot-gateway-final-1": {
        "qps": 2.0003260481310736,
        "latency_p95": 95.40815631989028,
        "bandwidth_in": 1305.1538152221303,
        "bandwidth_out": 395.0351142323762,
        "error_rate": 0.0
      },
      "iot-gateway-final-2": {
        "qps": 2.0002964142211326,
        "latency_p95": 23.896973427857098,
        "bandwidth_in": 1305.1285891599578,
        "bandwidth_out": 1170.0983416970146,
        "error_rate": 0
      },
      "iot-gateway-final-3": {
        "qps": 1.666777785185679,
        "latency_p95": 24.02777777777777,
        "bandwidth_in": 1220.0813387559172,
        "bandwidth_out": 1170.0983416970146,
        "error_rate": 0.0
      }
    },
    "gateways_inter": {
      "iot-gateway-inter-1": {
        "qps": 4.000311135804466,
        "latency_p95": 15.357127549805528,
        "bandwidth_in": 2830.2397983079454,
        "bandwidth_out": 2240.1611228996444,
        "error_rate": 0.0
      },
      "iot-gateway-inter-2": {
        "qps": 1.000088896790826,
        "latency_p95": 94.07894736842104,
        "bandwidth_in": 265.02355764956883,
        "bandwidth_out": 0.0,
        "error_rate": 100.0
      }
    }
  },
  "alerts": {
    "critical": [],
    "warning": [],
    "info": []
  },
  "migration_triggered": false
}