{
  "timestamp": "2026-02-26T17:19:46.394154",
  "cycle": 70,
  "topology": "modifiee",
  "migration_in_progress": false,
  "cpu_metrics": [],
  "gateway_metrics": {
    "gateways_finales": {
      "iot-gateway-final-1": {
        "qps": 0.8449389611062966,
        "latency_p95": 94.0789450599064,
        "bandwidth_in": 1305.009444822238,
        "bandwidth_out": 394.99999999999994,
        "error_rate": 0.0
      },
      "iot-gateway-final-2": {
        "qps": 2.0001111224706394,
        "latency_p95": 23.071437755650173,
        "bandwidth_in": 1305.046003289281,
        "bandwidth_out": 1170.0260005777907,
        "error_rate": 0
      },
      "iot-gateway-final-3": {
        "qps": 2.0000740776956634,
        "latency_p95": 23.26922682450705,
        "bandwidth_in": 1305.0542247161677,
        "bandwidth_out": 1170.0316676222546,
        "error_rate": 0.0
      }
    },
    "gateways_inter": {
      "iot-gateway-inter-1": {
        "qps": 4.000111114568022,
        "latency_p95": 9.880955294269533,
        "bandwidth_in": 2830.068779567953,
        "bandwidth_out": 2240.125785640019,
        "error_rate": 0.0
      },
      "iot-gateway-inter-2": {
        "qps": 0.9999999999999999,
        "latency_p95": 93.75,
        "bandwidth_in": 264.99999999999994,
        "bandwidth_out": 0.0,
        "error_rate": 100.0
      }
    }
  },
  "alerts": {
    "critical": [],
    "warning": [],
    "info": []
  },
  "migration_triggered": false
}